{
  "Listing-Filter(4.1)" : {
    "transaction" : "Listing-Filter(4.1)",
    "sampleCount" : 49,
    "errorCount" : 0,
    "errorPct" : 0.0,
    "meanResTime" : 3611.4897959183677,
    "minResTime" : 2529.0,
    "maxResTime" : 4463.0,
    "pct1ResTime" : 3940.0,
    "pct2ResTime" : 4190.5,
    "pct3ResTime" : 4463.0,
    "throughput" : 10.976702508960573,
    "receivedKBytesPerSec" : 69.83953223006272,
    "sentKBytesPerSec" : 2.4225925459229387
  },
  "Host-Listing-management" : {
    "transaction" : "Host-Listing-management",
    "sampleCount" : 50,
    "errorCount" : 0,
    "errorPct" : 0.0,
    "meanResTime" : 1233.2799999999997,
    "minResTime" : 446.0,
    "maxResTime" : 1352.0,
    "pct1ResTime" : 1350.0,
    "pct2ResTime" : 1352.0,
    "pct3ResTime" : 1352.0,
    "throughput" : 11.452130096197893,
    "receivedKBytesPerSec" : 4.406385994044893,
    "sentKBytesPerSec" : 2.7511953160787908
  },
  "Total" : {
    "transaction" : "Total",
    "sampleCount" : 299,
    "errorCount" : 8,
    "errorPct" : 2.6755853,
    "meanResTime" : 7102.84949832776,
    "minResTime" : 446.0,
    "maxResTime" : 37557.0,
    "pct1ResTime" : 32853.0,
    "pct2ResTime" : 33089.0,
    "pct3ResTime" : 35842.0,
    "throughput" : 6.865829295735838,
    "receivedKBytesPerSec" : 13.013134271165814,
    "sentKBytesPerSec" : 1.6229473552779627
  },
  "Get-List-Price" : {
    "transaction" : "Get-List-Price",
    "sampleCount" : 50,
    "errorCount" : 0,
    "errorPct" : 0.0,
    "meanResTime" : 1162.9599999999996,
    "minResTime" : 683.0,
    "maxResTime" : 1449.0,
    "pct1ResTime" : 1282.3,
    "pct2ResTime" : 1362.1999999999994,
    "pct3ResTime" : 1449.0,
    "throughput" : 10.235414534288639,
    "receivedKBytesPerSec" : 2.7987461617195497,
    "sentKBytesPerSec" : 2.3989252814739
  },
  "Host-Listing" : {
    "transaction" : "Host-Listing",
    "sampleCount" : 50,
    "errorCount" : 0,
    "errorPct" : 0.0,
    "meanResTime" : 1424.9400000000005,
    "minResTime" : 552.0,
    "maxResTime" : 1760.0,
    "pct1ResTime" : 1733.3999999999999,
    "pct2ResTime" : 1760.0,
    "pct3ResTime" : 1760.0,
    "throughput" : 10.273268954181221,
    "receivedKBytesPerSec" : 25.059552855968768,
    "sentKBytesPerSec" : 2.2372450945140745
  },
  "Get-List-Dates" : {
    "transaction" : "Get-List-Dates",
    "sampleCount" : 50,
    "errorCount" : 8,
    "errorPct" : 16.0,
    "meanResTime" : 32528.34,
    "minResTime" : 26175.0,
    "maxResTime" : 37557.0,
    "pct1ResTime" : 33389.5,
    "pct2ResTime" : 36000.85,
    "pct3ResTime" : 37557.0,
    "throughput" : 1.327598109500292,
    "receivedKBytesPerSec" : 1.3968821358398387,
    "sentKBytesPerSec" : 0.3591256604800595
  },
  "Get-Listing-Hours" : {
    "transaction" : "Get-Listing-Hours",
    "sampleCount" : 50,
    "errorCount" : 0,
    "errorPct" : 0.0,
    "meanResTime" : 2586.26,
    "minResTime" : 1448.0,
    "maxResTime" : 3818.0,
    "pct1ResTime" : 2917.2,
    "pct2ResTime" : 3176.0999999999976,
    "pct3ResTime" : 3818.0,
    "throughput" : 6.999860002799944,
    "receivedKBytesPerSec" : 6.644398362032759,
    "sentKBytesPerSec" : 1.6405921881562369
  }
}